recruitment_id,department,job_title,num_applicants,time_to_hire_days,cost_per_hire,source,offer_acceptance_rate
18,HR,Talent Acquisition,159.15129071051572,40.319478768468414,6780.56888518849,Referral,0.7475732874308648
13,Engineering,DevOps Engineer,280.1284830361548,78.91545979701297,6736.768159855501,Recruiter,0.6602412543129107
4,Finance,Payroll Specialist,260.5340204011323,60.19106902368495,507.16,Recruiter,0.6191255066728368
54,Sales,Account Executive,90.83936026913268,59.94339421060717,4162.1777374277735,Recruiter,0.3283041444334457
11,Sales,Sales Associate,239.7064122310596,41.01610310753161,7686.435498319727,Recruiter,1.0
63,Finance,Payroll Specialist,115.7556957203995,61.84147591981201,5194.188502441295,Referral,0.4630901703048797
67,Finance,Financial Analyst,224.37947205013404,65.26826204533546,8964.031463556617,Referral,0.4023299589226408
32,Finance,Payroll Specialist,94.9164396984923,54.587272125101485,1235.1683216545837,LinkedIn,0.798187170401342
38,Finance,Accountant,35.099276800878215,7.0,8294.637687041733,Recruiter,0.7184969687765207
88,Finance,Finance Manager,51.34580294539417,31.64215372730703,4952.981546449975,LinkedIn,0.3905121102614415
21,Marketing,Content Strategist,96.70752992876238,66.86660355929638,9910.97481674068,LinkedIn,0.353600375475375
41,Product,UX Designer,134.4078078504641,33.62092047955346,5812.002555456228,Referral,0.885092982472865
69,Finance,Accountant,50.50423108412326,16.743722945651818,5214.043112961859,Job Portal,0.5299141669017579
100,Sales,Sales Representative,210.76522059233616,17.05491673342186,8532.362574530112,LinkedIn,0.7154181233175977
65,Sales,Business Development Manager,84.83145559106515,51.9205432546984,4388.626215496904,LinkedIn,0.7576002439235875
36,Product,UI Designer,241.94241738317544,7.0,1566.187825340989,Job Portal,0.4995714729366764
74,Product,UX Designer,236.23241266531568,23.114843767169432,6089.231365156442,Recruiter,0.4943727576264721
26,HR,HR Coordinator,165.95202020591668,27.09949794902541,9434.215647746983,Recruiter,0.5198671406099481
13,Sales,Business Development Manager,186.6734810810629,10.51603329399834,6230.812763539204,Referral,0.3
87,HR,HR Manager,10.0,45.56342205218114,3279.9503982285923,LinkedIn,0.9332219072992478
19,Marketing,Marketing Specialist,229.64376711404933,80.73247338513549,6205.754427349722,Referral,0.7361333694368469
57,Marketing,Marketing Specialist,10.0,79.70272139212614,4622.974328185721,LinkedIn,0.4945348770941729
55,HR,HR Coordinator,44.650795186351445,7.058513528957256,6619.399705451054,Job Portal,0.8818103036037032
7,Product,UX Designer,107.06436203122112,55.744112922271135,7638.180686685503,Referral,0.6415996031959789
29,HR,HR Coordinator,153.403373216967,88.79252241876165,8714.687816133792,LinkedIn,0.3638152845913031
46,Engineering,Data Engineer,63.278602102406,50.78638068606119,6022.276541753039,Job Portal,0.6058403998500146
82,Sales,Sales Associate,145.30872566899765,32.92494283203385,2741.569284234111,Job Portal,0.6413731036755289
15,Engineering,DevOps Engineer,68.78753737804999,57.86233948521458,8477.81633102762,LinkedIn,0.7149234747261208
68,Engineering,Backend Developer,58.12198907229889,41.99216136310543,8373.873387601969,Job Portal,0.5077521925343806
60,Sales,Business Development Manager,145.31266212976868,35.47213303266761,2864.563879556535,Recruiter,0.457885136997855
94,HR,HR Coordinator,159.4878634825107,33.955961137100935,4387.652439570842,Referral,0.8730228512152165
39,Finance,Financial Analyst,197.94389133954093,89.0,8881.022006297131,LinkedIn,0.8147586233042527
35,Sales,Sales Representative,121.9804458714604,30.2849834998429,3503.411628512258,Job Portal,0.3
67,Engineering,Software Engineer,178.65295111649107,46.2869704108488,9053.23082406714,LinkedIn,0.50865257071319
27,HR,Talent Acquisition,138.7485958327589,68.4424921129743,3622.031576327433,LinkedIn,0.8064462762852413
30,Finance,Accountant,114.0473568674755,29.21192166237167,6078.2578366630805,Referral,0.580355490267364
98,Finance,Financial Analyst,202.9718185444277,64.11257203470805,2780.341642679286,Referral,0.5076975056242781
85,Sales,Account Executive,119.59948473185564,21.07163877662754,2734.56979415669,Referral,0.5763574372614213
49,Finance,Finance Manager,255.74738219819005,40.035204962821,8595.531374337676,Referral,0.5701827511223408
96,Finance,Accountant,159.5747723134022,7.0,8896.150460216422,LinkedIn,0.7927201017966057
65,Engineering,Data Engineer,132.03444856679434,57.69492830689698,4043.023359109519,Recruiter,0.766993973853581
24,Sales,Account Executive,280.74915753778504,55.888683903907705,9998.91,LinkedIn,0.6603951113275285
56,Marketing,Content Strategist,112.5713925773484,34.58083501102026,6337.7102694968125,Recruiter,0.4332864316867178
43,Marketing,Content Strategist,210.7725561564297,36.07906563106162,4836.68963112094,LinkedIn,0.63694009931321
33,Marketing,SEO Analyst,130.9565211418996,64.5484289472534,1832.1880148044504,Job Portal,0.7724317515644386
90,Finance,Accountant,173.8021004932065,40.12514994924345,6404.995922230271,Referral,0.6308667753674629
54,HR,Talent Acquisition,21.203453626486606,45.1323638298029,4340.565022442472,LinkedIn,0.6409678084090356
96,Engineering,Software Engineer,32.29375639867942,26.10241039839376,9998.91,LinkedIn,0.5214568324141817
55,Marketing,Content Strategist,268.6686063008784,89.0,9220.741156049824,Job Portal,0.821994891158175
69,HR,Talent Acquisition,123.38546214024994,68.48423238422606,1771.1105410654875,Job Portal,0.3
95,Finance,Financial Analyst,83.68109473184131,48.69572220333173,1456.6963606679856,Recruiter,0.762974527248075
29,HR,HR Manager,140.63918477385857,44.55047773064383,5673.070283145001,Recruiter,0.8660673412647976
12,Product,Product Manager,137.5918481366174,42.37635510785112,2633.305880056409,Recruiter,0.7120241183854729
80,Product,Product Manager,157.25147355173266,26.13196882592753,7506.006937795155,Job Portal,0.5657002236712738
65,Product,UX Designer,52.571511444702864,34.6714571612438,507.16,Recruiter,0.6450830410578993
52,HR,HR Coordinator,167.66131128000424,63.862167568498776,1402.2361996896684,LinkedIn,0.7452412149000371
5,Finance,Accountant,299.0,89.0,8524.05087048025,LinkedIn,0.802534038988167
74,Engineering,Backend Developer,146.43154569928075,26.834590558605505,3105.49271418794,Job Portal,0.3
36,Product,Product Analyst,186.97506208163347,35.52983406424265,507.16,Recruiter,0.4192068444005758
64,Marketing,Social Media Manager,152.26757595962604,30.757356522609808,5887.211546089286,Recruiter,0.4721716716088603
44,Product,UX Designer,10.0,24.874340701014567,6917.407862002479,Job Portal,0.546471492283804
68,Product,Product Analyst,118.41527638119987,42.89693628197255,9998.91,LinkedIn,0.8955686991161016
96,Sales,Business Development Manager,10.0,65.95263059921027,1835.4656536006476,LinkedIn,0.7096758656981126
43,Product,UX Designer,276.7395143953727,88.63835656072183,4789.224386809759,LinkedIn,0.4741162669376276
30,Engineering,Data Engineer,221.6437549470152,78.11049667833186,507.16,Referral,0.8091751059744512
83,Marketing,Content Strategist,179.4308439285423,30.127050797327,6786.163935270264,Job Portal,0.8345973611022455
72,Engineering,DevOps Engineer,219.5940815351898,89.0,3287.167154868562,Job Portal,0.4620977070673466
14,Product,UX Designer,262.3563002271573,85.9843370715071,1859.0940366120672,Job Portal,0.5496383607016151
98,Finance,Payroll Specialist,247.7228116375761,49.999686734138045,3775.469994066592,Referral,0.4705150464411454
29,Product,Product Manager,131.41833498703642,64.36092273974059,3983.249685665437,Recruiter,0.7484233892727348
60,Product,Product Manager,177.5178081779941,60.31896324023439,8480.98849369802,LinkedIn,0.4714535903676992
13,Sales,Business Development Manager,270.3694609753292,14.629402918123056,7185.442376514554,LinkedIn,1.0
56,HR,HR Manager,110.76492319977734,11.735108372584392,4327.088765603961,Referral,0.6699571722805703
12,Sales,Business Development Manager,178.04718297813608,48.08078282659669,5748.148145925092,Referral,0.5321842725451512
53,Sales,Business Development Manager,114.44636063404192,19.49416014069913,7041.147666137582,Job Portal,0.6737259083914857
38,Finance,Financial Analyst,146.8370117706624,43.42592331539465,5260.041967731254,Referral,0.8210813978669358
83,HR,Recruitment Specialist,130.45725122284813,53.08983083489759,8920.853511995274,LinkedIn,0.9284994615068184
100,Product,Product Analyst,195.63705357045816,89.0,6583.113132730104,Job Portal,0.7635985504663896
7,Sales,Sales Representative,143.839955671998,41.450231717890446,9481.090575055165,Referral,0.8524798352782377
61,Finance,Payroll Specialist,125.25816174737037,25.060579962643335,1668.3412795863435,Referral,0.898815070352054
32,Marketing,Marketing Specialist,153.59020679511391,48.50472967017564,5392.215463776436,Job Portal,0.6418608182626726
2,Engineering,DevOps Engineer,87.83265864267221,7.0,8449.677100768686,Recruiter,0.9053136390826544
91,Sales,Business Development Manager,122.8795661500049,58.28631368287103,5661.218541493314,LinkedIn,0.7679560928170517
64,Sales,Account Executive,209.02761171536545,52.69285939290064,6190.363426450199,LinkedIn,0.947540921378592
3,Product,Product Analyst,116.85625467493064,47.02391889805802,8603.239423074894,LinkedIn,0.8139138441577523
66,Sales,Account Executive,186.56428903899624,51.90951873632543,9129.56200684445,LinkedIn,0.3
85,Product,Product Analyst,242.38626955074744,44.831421227157406,5805.832079542419,Referral,1.0
96,Finance,Accountant,236.78020138530024,65.52285105001413,7708.053880999109,Recruiter,0.7080578048591922
65,Engineering,Software Engineer,207.8939553208919,61.7248876077425,5519.059263932209,Recruiter,0.5318158214010837
33,Sales,Sales Associate,252.8486984753432,60.15518107747461,507.16,Recruiter,0.5695336025823414
80,Product,Product Manager,66.95991511254076,32.77443614092199,5068.942348452315,Job Portal,0.4779169786640328
22,HR,Recruitment Specialist,240.55563303908872,65.60281738236728,8838.241712655377,Job Portal,0.6242326009892821
98,Finance,Finance Manager,209.48921502663543,27.392712335962297,4518.25937750594,Referral,0.9390047686473868
74,Engineering,DevOps Engineer,223.6345768081448,70.26239024310146,6350.955738105225,Recruiter,0.9470280431508076
41,Product,Product Analyst,242.68556236138676,87.94127979434916,7568.864904490952,Recruiter,0.6373623460338689
79,Product,Product Manager,180.6298058155625,69.93705197071503,6513.32371612938,Job Portal,0.8581569398163963
38,Product,Product Analyst,150.11064166435176,68.08527979177612,3873.585394403745,LinkedIn,0.6060327681806238
64,Marketing,Marketing Specialist,183.18883337598737,26.31621132449324,6225.991042345362,Job Portal,0.7941351992632827
73,Engineering,Data Engineer,156.15733469730532,45.89853624811569,7223.191477189472,Job Portal,0.81412172298492
29,Engineering,Backend Developer,154.32573564219675,53.142968934398894,8285.69572525948,LinkedIn,0.564343884612459
66,HR,HR Coordinator,230.3072977540848,74.00117921639817,4550.83449959326,Job Portal,0.3771098325440252
69,Finance,Accountant,111.13051597731469,68.07054178815994,8699.26921582688,LinkedIn,0.7763856570762742
80,Finance,Payroll Specialist,284.9255442317611,28.98865141224085,4873.333899560149,LinkedIn,0.5602175190831261
4,Sales,Business Development Manager,69.37261540783166,44.60551088507216,5785.248031405381,Job Portal,0.8425907688015408
6,Engineering,DevOps Engineer,144.04210232677116,86.81615807572697,705.5964849953953,LinkedIn,0.5822122759060357
54,Finance,Finance Manager,252.68246580371857,58.35869798342703,6625.529431025276,Recruiter,0.941747026631204
52,HR,Recruitment Specialist,49.67229654503416,31.094863297073505,4552.6970293121485,LinkedIn,0.5085040901157671
89,Sales,Sales Associate,207.57802910585065,63.35298651744896,8633.416453383466,Recruiter,0.8057699079439437
40,HR,Talent Acquisition,73.54164584057887,64.93963844514437,6608.914562179047,Recruiter,0.5089846154785244
50,Finance,Payroll Specialist,10.0,61.4666285878417,5163.523296345138,Job Portal,0.496751098263501
92,HR,HR Coordinator,215.67692898959623,32.20069587779469,5491.764106026025,LinkedIn,0.7494793408683447
91,HR,Recruitment Specialist,122.8496116366652,36.32079272445564,5606.586565046471,Job Portal,0.5574791832004836
4,Sales,Sales Associate,85.27698936702527,35.56702882103566,2879.364011882449,Job Portal,0.3
57,Product,Product Analyst,182.631609832638,18.029514613768555,5772.9209540322445,Recruiter,0.6359489607283246
20,Marketing,Content Strategist,128.8426345918011,26.09832357966653,4138.047075595908,Recruiter,0.7873783453096099
24,Finance,Accountant,94.20477702907304,21.98864788944008,4960.45571936383,Referral,0.6197517401941602
23,Engineering,Software Engineer,190.61718449870185,7.0,5367.3180454193125,Recruiter,0.7496941367671265
24,Finance,Finance Manager,176.33962744333164,37.417698510494304,3923.2584164057566,Referral,0.3464402537218979
51,Finance,Finance Manager,238.4806364169332,75.25067148459141,1947.0668084193144,LinkedIn,1.0
97,HR,HR Coordinator,10.0,60.56653954521738,9298.035700827872,LinkedIn,0.4416138606877038
79,Engineering,Data Engineer,48.77675482835211,89.0,1501.124101429526,Recruiter,0.8724170668186819
32,Sales,Sales Associate,147.7631965064689,72.2174861571523,2740.6741540363864,Referral,1.0
84,Sales,Sales Associate,138.25776387812186,65.79543700184497,7064.995532363302,LinkedIn,0.5168631641224941
18,HR,HR Manager,36.64683645037803,47.39302074416426,5818.353307028152,LinkedIn,0.6124161767571893
37,Finance,Accountant,135.77766017152754,76.54697101836449,507.16,Recruiter,0.725415414226161
33,Engineering,Data Engineer,273.24572826025786,50.030814349304464,8412.034900386412,Recruiter,0.6928527611173777
49,Sales,Account Executive,165.80042083396893,71.02202228113916,6834.651780447543,LinkedIn,0.451496288521286
61,Marketing,Social Media Manager,116.03785511684924,80.83888113319303,5444.464573804449,Referral,0.5251710722103967
3,HR,Talent Acquisition,299.0,29.92136733963813,9998.91,Recruiter,0.7443988813580836
8,Marketing,SEO Analyst,172.55782227272996,56.106268349019565,4662.575564645682,LinkedIn,0.7164576193391687
98,Marketing,SEO Analyst,131.74103142057086,33.98484422057139,9998.91,LinkedIn,0.7927626234572686
33,Engineering,Software Engineer,224.50076314448063,7.0,507.16,Recruiter,0.8126380163824187
68,Engineering,Software Engineer,83.91283098145794,54.02469102455383,4259.89880140642,Job Portal,0.3654679049272196
74,Finance,Finance Manager,285.3300675002971,51.23016867551892,934.9091259078788,Recruiter,0.6698581604570334
64,Sales,Account Executive,129.2532025485377,51.42863798126416,1448.8067961050006,LinkedIn,0.6660400142359234
6,Marketing,Social Media Manager,10.0,36.765694511354994,5129.952172741904,Recruiter,0.3782578340574465
87,HR,HR Coordinator,144.5211447140901,60.16332951769867,5510.732396984584,LinkedIn,0.3
27,HR,Recruitment Specialist,156.61594745602227,22.252392404951365,1410.7596840805795,LinkedIn,0.9002441135209465
30,Engineering,Data Engineer,165.61520395683098,7.0,9998.91,Recruiter,0.736749439576338
23,Engineering,Backend Developer,202.84032496454287,60.20888625639204,4864.000318860437,Referral,0.6678004074285905
59,Marketing,Marketing Specialist,242.2130358834357,51.2645331285836,5609.868375457304,Referral,0.432776500758404
7,HR,Talent Acquisition,87.01544410817236,69.55505753535274,5080.777500876293,Referral,0.69431336463861
67,HR,HR Manager,145.95744763583622,14.162060133557487,5055.1086283664445,Recruiter,0.6154230756802023
67,Sales,Account Executive,246.21648153877447,42.067254154759055,4152.1312352679,Recruiter,0.5112604696065973
51,Finance,Financial Analyst,228.2921976880372,7.0,5264.272280485352,LinkedIn,0.5095998262134112
1,Sales,Sales Associate,135.63169021395854,20.10863587813297,3554.567626312629,LinkedIn,0.5819331360890083
40,Engineering,Software Engineer,177.06447486077096,78.32425073443265,4370.476911748532,LinkedIn,0.3201230667267274
55,HR,Talent Acquisition,195.78483021914695,89.0,3676.416634487743,Referral,1.0
48,Finance,Accountant,166.98146543305774,29.019181726339717,6349.812270676444,Recruiter,0.8483995906746553
12,HR,HR Manager,224.01565441481995,17.87841830494341,8267.967414606812,Referral,0.5327731283948054
78,Sales,Account Executive,270.70906782679793,27.404953335187475,9354.771576351612,Referral,0.909596372769339
85,Product,Product Manager,174.94295664023934,35.59218635036841,4213.509962985499,Recruiter,0.4012669419197808
99,HR,Recruitment Specialist,231.9488653358107,38.33262344812904,507.16,LinkedIn,0.7678872341814259
71,Product,UI Designer,44.11849221930805,68.7476074633955,2927.7106663798986,Job Portal,0.7338470636338358
37,Marketing,Social Media Manager,211.06864089780595,43.08973831133109,5228.746391006644,LinkedIn,0.5144519120658122
1,Sales,Sales Representative,166.7551772160284,89.0,4691.973804028343,Referral,0.5212001603174123
96,Finance,Payroll Specialist,40.72115185997194,81.19709790873394,4562.360369969853,LinkedIn,0.7788492323352958
87,HR,HR Coordinator,135.25364475964807,79.821049174694,3206.3719004176423,Job Portal,0.3
53,Marketing,Marketing Specialist,66.91676089265309,39.84539784070286,1876.158589465584,LinkedIn,0.5334192929212191
67,Sales,Sales Associate,241.93256871904876,69.84321610749717,3284.7670379390083,Job Portal,0.3
29,Product,Product Manager,100.00399319952442,24.363755783182057,4047.826440345677,Job Portal,0.5143848375103464
6,Engineering,Backend Developer,299.0,44.29639065180701,7781.830341320909,LinkedIn,0.5276381896187271
69,HR,Recruitment Specialist,36.57901418701471,50.76826287506797,756.295463290895,Recruiter,0.3755365731909846
81,Finance,Financial Analyst,183.17804377531525,50.03448962193485,6774.37183802407,LinkedIn,0.56287421193959
95,Sales,Sales Associate,299.0,36.54746355549247,8142.332750143141,Referral,0.5689441291471804
5,HR,HR Coordinator,131.7088618086096,36.661331678004,6744.655241958199,Referral,0.4019474499873755
59,Engineering,DevOps Engineer,48.002885099225225,72.87353537089396,507.16,Job Portal,0.3
13,Marketing,SEO Analyst,181.53021913762728,86.69327036051314,5549.095058144783,LinkedIn,0.8904168099089256
60,Marketing,Marketing Specialist,299.0,56.92006970000925,4122.2103815268365,Referral,0.6000078243366123
86,Engineering,Software Engineer,252.14594939971784,55.09737302632892,6860.012372635148,Referral,0.6663742021868543
82,Marketing,Marketing Specialist,44.69883038391842,36.088743397976565,8663.598369078216,LinkedIn,0.9038893055511308
89,Finance,Payroll Specialist,194.8268612088587,60.13138703509656,2149.997330934917,Referral,0.8380245801215438
84,Sales,Account Executive,211.98079133097644,49.91365753022799,5356.44733259201,Job Portal,0.6185425070433652
93,Product,Product Manager,185.4400062368233,51.32109027801703,5833.418821745216,LinkedIn,0.7486501151937566
92,Finance,Payroll Specialist,180.99539912656235,71.54479698797941,1241.6539032876226,Referral,0.5610629840128469
89,Marketing,Social Media Manager,211.6240032576381,39.3569803640871,3448.6874600614456,Job Portal,0.7014203405981785
91,Engineering,Software Engineer,204.16915509262503,10.816431561625606,9898.07707619034,Referral,0.5343400067301934
64,Engineering,Backend Developer,204.17878324052467,63.58751320592651,1993.4950502539411,LinkedIn,0.8185346269085201
33,Marketing,Content Strategist,42.58662301556929,71.63761401421907,7602.9947442692755,Recruiter,0.4176041189511448
80,Product,Product Analyst,196.1694570007248,52.71808347995749,4376.786597570893,Referral,0.6953392019396809
14,Sales,Business Development Manager,134.0094174408166,25.57278026356944,7386.688991217341,Job Portal,0.94262262984944
81,Sales,Business Development Manager,36.27554063716697,26.03290593213488,7946.886233380843,Recruiter,0.6664879830462019
42,HR,HR Coordinator,161.4478196065543,32.04067129080997,2538.217395947509,LinkedIn,0.7877067910380149
31,Finance,Accountant,10.0,18.58109733465189,507.16,Referral,0.723078394519066
20,Engineering,Data Engineer,139.00143782795743,22.887503552634865,6228.867198823794,Recruiter,0.8098834252710877
66,Sales,Account Executive,184.79285930265317,70.32033670496052,7663.827338231995,Referral,0.9597296226289322
81,Product,UI Designer,203.35853151729947,81.54815364283112,6849.358116916241,Referral,0.5065998895998113
39,Product,Product Analyst,220.1455390766997,35.39692623994737,2911.3555918439724,Recruiter,0.7019182809377496
66,Product,UX Designer,223.2750919301714,51.82154560816611,9784.050125307907,Job Portal,0.8724852032349245
9,HR,HR Manager,109.45275762260144,35.65398392829758,9998.91,Job Portal,0.3
28,HR,HR Coordinator,269.52355246934457,43.01826164527417,3333.079240672648,Job Portal,0.7382820234925448
28,Finance,Financial Analyst,53.760023044949065,25.96057630868307,5778.628398365352,Referral,0.4779313640615269
73,Product,Product Analyst,10.0,55.88252767099113,5915.538259704433,Recruiter,0.4497834044456275
44,Engineering,Backend Developer,299.0,81.05686836616472,7908.643332323048,Referral,0.6527259558881428
33,Sales,Account Executive,67.77567265917631,65.25642782471289,2006.004570101228,LinkedIn,0.865375869799621
77,Marketing,Content Strategist,263.29241195554107,77.8544825585277,507.16,Recruiter,0.6881958961514388
95,HR,HR Manager,163.648959869453,25.568144043286605,3972.107887235101,Job Portal,0.7049291121138842
23,Marketing,Social Media Manager,142.39910014794415,7.0,9998.91,Recruiter,0.8353849288419477
43,Product,UI Designer,113.09142839987076,26.40953780909493,3979.245174093069,LinkedIn,0.8779963803357566
65,Marketing,Marketing Specialist,126.4773585667346,56.814940612044,5832.320672465926,Job Portal,0.3
76,Sales,Business Development Manager,265.98409805531605,21.787140187154847,2310.3538760859024,Recruiter,0.5471751338329027
27,Marketing,Social Media Manager,142.72034129499067,52.30916741804678,6546.599424421285,LinkedIn,0.6882754528022001
92,HR,HR Manager,75.29708072916098,30.922860779131497,507.16,Recruiter,0.7350987772605686
62,Marketing,Content Strategist,80.68171087772474,34.06739529313455,9556.923040616646,Referral,0.5305318012504543
82,Sales,Business Development Manager,143.6280976159318,80.57012205667161,8100.39320916738,LinkedIn,0.5058048910024066
80,Finance,Accountant,116.3104280181602,89.0,7096.8596315446,Recruiter,0.7029164107682483
11,Product,UX Designer,128.36328441020254,54.90750955794375,3840.605009036384,Recruiter,0.6752827709707492
63,Marketing,Marketing Specialist,10.0,48.141277298111135,3454.351863932188,LinkedIn,0.437488602675588
100,Finance,Financial Analyst,199.9882464241156,83.96074307869432,5544.534211715214,Recruiter,0.8528558180692931
19,Sales,Account Executive,99.28841391394197,28.75801119454184,6948.869168838114,Job Portal,0.7735500750815605
32,Marketing,Marketing Specialist,94.78093576602572,51.60567114732823,9998.91,Referral,0.8197509922172427
70,Product,UI Designer,187.5932539926988,73.29624300716091,9998.91,Recruiter,0.4848734186835297
82,HR,HR Manager,50.74777830099984,30.185012255502688,7473.759719923421,Recruiter,0.6370664430000459
30,Sales,Sales Representative,295.3604337673505,20.44619585681562,2691.862695960942,Recruiter,0.7058986427494344
88,Marketing,Social Media Manager,261.01686386155774,66.99450456726821,4439.865237317532,Job Portal,0.6663190318448335
54,Engineering,Backend Developer,63.793029779724506,50.539641663174734,3807.474361644709,Referral,0.6513579590694666
88,Marketing,Content Strategist,41.27025483360654,7.0,8515.013094377153,Referral,0.4994161206510809
25,Marketing,Marketing Specialist,10.0,71.52726678379477,2843.983310241188,LinkedIn,0.4782620262693482
12,Marketing,SEO Analyst,265.6864438654981,34.24852826405284,3288.26599840603,Referral,0.3
13,Engineering,DevOps Engineer,38.61888096718866,31.576945618639343,2791.155107700261,Referral,0.9394528938367916
11,Finance,Finance Manager,10.0,56.12635608373333,6861.112677820258,Referral,0.5507566788635883
99,HR,Talent Acquisition,163.71413717085102,39.93824848133742,3664.2583813000574,LinkedIn,0.4979985201391068
8,Finance,Payroll Specialist,115.42459098821756,26.92849755377549,5733.62668632678,Recruiter,0.6055174398494891
95,Marketing,SEO Analyst,46.88529680597741,55.68556337759186,507.16,LinkedIn,0.8712627790211831
59,Finance,Payroll Specialist,199.82355666848045,63.68107893511933,5134.572957978194,Job Portal,0.5901780128883902
100,Marketing,SEO Analyst,10.0,66.09409147756706,7349.06213821976,Recruiter,0.3
2,Product,UI Designer,90.2350481840301,37.226481947793175,5396.948066580796,Job Portal,0.7635581656791267
97,Engineering,Software Engineer,249.78366830571213,66.24304500131744,9995.472282067618,LinkedIn,0.7436727441392653
98,HR,Talent Acquisition,202.18657218900785,59.09404466954189,507.16,Referral,0.6300170971634439
36,Product,UI Designer,128.46700849689807,8.498505270259749,507.16,LinkedIn,0.7755000324012615
46,Engineering,DevOps Engineer,196.0096343463406,17.94262046641379,4754.492881674777,Recruiter,0.5992976770139965
36,HR,Talent Acquisition,10.0,38.14918941133017,5846.353938324093,Job Portal,0.5905157992190347
27,HR,Talent Acquisition,153.7573877265455,50.13927361375824,5598.205469662093,Recruiter,0.823380350295577
82,Engineering,Software Engineer,85.10832517902983,89.0,1730.6595857055331,Recruiter,0.8097860772946305
22,Sales,Account Executive,261.739990019093,55.91248742946429,4021.708107185199,Referral,0.5547274889434588
57,Product,Product Analyst,10.0,55.21047302882656,777.010702877762,Referral,0.4512825004785963
85,Marketing,SEO Analyst,94.24997003882213,7.0,2547.9436499822827,Job Portal,0.7912600038931148
36,Engineering,Software Engineer,212.78638950318987,50.42725968979565,5620.001236139628,Referral,0.704959806965473
31,Engineering,Data Engineer,143.2597547144654,33.260616325003085,8710.579685032579,Recruiter,0.3814050498356449
12,Finance,Accountant,60.85027330831153,37.05125570924199,2007.0691612099,Recruiter,0.6726361456959825
1,Finance,Accountant,299.0,64.86913413469084,8768.921034880379,Referral,0.7899270549554815
89,Engineering,Backend Developer,153.3102510687914,31.566295724211383,9998.91,Job Portal,0.9588600531299488
28,Product,Product Analyst,121.59032640918905,54.910764972634965,2555.027233771387,Referral,0.379247871004495
29,HR,Recruitment Specialist,167.27242368064867,41.48291202646284,6315.963725890113,Referral,0.8439192578999446
90,Marketing,Marketing Specialist,261.2819570264893,30.74445512078148,5530.135267267246,Referral,0.6457747292682754
63,Marketing,Social Media Manager,228.7315620445106,19.43288778858474,739.0950125029476,Referral,0.4474181531296039
88,Engineering,Data Engineer,10.0,33.27007818175413,9998.91,Recruiter,0.7086495920101035
100,HR,HR Manager,170.43031497349455,54.31707128196192,7202.566404919215,Job Portal,0.7924992205121402
4,Finance,Payroll Specialist,111.7834665862675,46.84706468892052,2575.430833107153,Job Portal,0.3
96,Product,UX Designer,92.52163056419658,62.26692820628993,7217.277049787298,LinkedIn,0.3473548151843021
96,Sales,Sales Representative,256.94425497416137,60.04526088165056,7876.914421669884,LinkedIn,0.8183813231383642
15,Engineering,DevOps Engineer,267.81832654986994,89.0,507.16,LinkedIn,0.5503247825308377
74,Sales,Sales Associate,10.0,25.404914603319455,9390.573436851935,Recruiter,0.5691085637666373
91,Finance,Payroll Specialist,191.3234003518621,17.04041183954122,6030.968840625724,Referral,0.4115158620417899
63,Sales,Sales Representative,197.74276616862088,56.9656076818247,6909.518986763978,Job Portal,0.5969048833236614
12,Sales,Sales Associate,129.1091094926339,14.974044448000434,4706.945272003388,Referral,0.7790595912413174
48,Finance,Accountant,275.466532445336,85.2645709857522,6893.627174449328,Recruiter,0.5576902790063675
36,HR,HR Coordinator,250.35452035504684,39.8796021979392,3737.067797262572,Referral,0.4693929955126151
11,Product,Product Analyst,161.197066201328,30.7953182869995,7398.93746770608,Recruiter,0.4458191073148396
89,Engineering,Backend Developer,57.03853503073815,52.57425927256783,4731.086016407238,Job Portal,0.8000973400104336
72,Sales,Account Executive,143.42385544078326,14.875255580923564,1210.9715024463712,LinkedIn,0.4784061916545007
7,HR,HR Coordinator,43.59065516430224,75.89067929681542,5098.059188027838,Recruiter,0.8487160246248695
34,Engineering,Software Engineer,200.008396933002,44.59115998999355,5059.928673123409,Recruiter,0.6391548974010938
15,Finance,Financial Analyst,232.7579871418748,39.57920215192416,6352.3600072681975,LinkedIn,0.9624592844665544
33,Finance,Payroll Specialist,152.4451274537974,59.87652997758232,9574.852513034595,Referral,0.4229293961241337
35,Sales,Sales Representative,67.49740337811339,72.74727476602023,4470.670035346762,Recruiter,0.7338639174560361
87,HR,Talent Acquisition,52.761445036795806,19.182901397366567,2729.207061450762,Recruiter,0.4809420346336926
59,HR,HR Coordinator,175.10931274143107,28.571548884601672,6188.5752613509785,Referral,0.6694569964615342
76,Marketing,Content Strategist,102.17230400645562,30.38413617514553,6491.189398263545,Recruiter,0.5907483809559525
64,Engineering,Backend Developer,222.88148326902075,51.68921114831027,6896.306598527114,LinkedIn,0.4510678585305586
87,Product,UX Designer,283.4323388682964,56.330363494179416,7560.521712701848,Job Portal,0.6523605620701788
84,Finance,Financial Analyst,92.59883538234683,33.57452525352997,6417.269728447194,Recruiter,0.7358786487556828
11,Product,UI Designer,185.1463503963824,31.80900663946442,1368.4377001862565,Recruiter,0.3
31,HR,HR Coordinator,205.71396412777736,42.10869821367797,9548.890637569628,Job Portal,0.6019227589311229
9,HR,Recruitment Specialist,262.3679021484334,57.08101761843104,9457.141783827245,Referral,0.5715320327624777
14,Sales,Sales Associate,271.8721254395165,14.411317061887075,5877.990349182718,LinkedIn,0.4565056885692549
14,Engineering,DevOps Engineer,224.53547858448303,70.03057815566083,8041.839020798213,Job Portal,0.6615098625855994
11,Product,UX Designer,158.99160008004324,29.04841594959023,7513.431111188552,LinkedIn,0.7009257599082549
69,Finance,Payroll Specialist,274.39494541809296,58.19136778245507,2571.443557146122,LinkedIn,0.6545368710719737
27,Sales,Account Executive,132.75677293661963,42.35620765687591,770.4374307936205,LinkedIn,0.7925272880859461
86,Marketing,Content Strategist,100.77866979677816,89.0,5912.481445316847,Recruiter,0.6288641727096544
18,Engineering,DevOps Engineer,36.36249151716167,23.255703933270627,3258.5118013970487,Job Portal,0.3
100,Product,UI Designer,118.02457615323776,8.206874469656604,4492.408142709189,Recruiter,0.7592589218305008
10,Engineering,Data Engineer,275.996248856716,51.35514583469767,3633.1072668627694,Referral,0.7806356696055099
10,HR,HR Manager,10.0,55.029559217265096,8214.410551615598,Job Portal,0.636891507309646
79,Engineering,DevOps Engineer,231.05844427971311,38.9269777923588,7589.450474455451,Recruiter,0.7132274726302931
29,Product,Product Manager,178.62009448227963,46.33818039752365,6474.1964141197695,Job Portal,0.7295855515666738
60,Product,UX Designer,107.53698731076769,52.15416517004317,4811.901172182272,Recruiter,0.7263259684980384
74,Marketing,Content Strategist,237.4590713033814,64.83157617413463,2211.9628409064144,Recruiter,0.3781367233793251
56,Finance,Finance Manager,186.6566446579842,51.90968359400824,1236.461174462967,Job Portal,0.5283558444639014
40,Marketing,Marketing Specialist,93.4474549789596,70.51953377674118,4996.316601873347,Recruiter,0.4937987500598498
71,Engineering,Data Engineer,168.85095539037266,47.597286802166735,8754.053649543015,Referral,0.7224939584870895
72,Marketing,Content Strategist,78.10144828796305,44.46171338552483,2437.641770508812,Job Portal,0.3678540589579598
72,HR,Talent Acquisition,114.4370997365682,41.91205002715125,2929.510965398329,Referral,0.8996401157741738
16,Finance,Financial Analyst,151.85216124185777,69.79247605042951,5005.555584068179,LinkedIn,0.738444188266135
2,Engineering,DevOps Engineer,132.7714752900368,50.512106320565934,7944.951739157354,Recruiter,0.5340225553323338
92,Engineering,Backend Developer,140.60907191663003,35.78827814994993,6593.748883089722,Referral,0.83495008794523
69,Sales,Sales Associate,227.89702508805584,10.574252290759324,6845.394653677553,Job Portal,0.7490158141226307
94,Marketing,Content Strategist,92.70588740492124,44.058685178976376,5376.505731998602,Recruiter,0.7796877361833208
62,HR,HR Coordinator,95.65938810717172,25.527265578246794,7957.2217258247,LinkedIn,0.7394011152170519
66,Sales,Account Executive,46.30349913755866,48.33509149762352,9852.62379908126,Referral,0.6651578145119911
51,Engineering,DevOps Engineer,160.0606615134265,36.21134534946371,8483.34904851317,Referral,1.0
72,Engineering,Backend Developer,227.4010552146717,69.19755608903526,3635.855128497572,Recruiter,0.8374674052077334
4,Product,Product Manager,104.16258360446348,49.93777068681933,9162.47254576212,Job Portal,0.4862052848815095
79,Finance,Accountant,68.8575829700332,34.46690451124946,4959.992215813542,Recruiter,1.0
10,Finance,Payroll Specialist,267.099528506162,24.803383599963883,9998.91,LinkedIn,0.5824158416026934
78,Engineering,Data Engineer,162.66398816690187,41.96052640817876,6959.938117263879,LinkedIn,0.4034290154464709
70,Marketing,Marketing Specialist,219.6612056098808,78.9572454969577,507.16,Referral,0.7364010154340609
15,Product,Product Manager,10.0,7.886015090708639,3489.080475675343,Recruiter,0.6918007081341556
78,Sales,Sales Representative,70.9456307908733,10.51542366949132,9178.99013544005,Recruiter,0.9274320628042876
40,Marketing,Social Media Manager,119.8646321357008,77.81918956054234,7431.488257742417,Job Portal,0.90101870059515
54,Finance,Payroll Specialist,255.8633455373552,7.0,2592.74247394486,Recruiter,0.8008787215940345
34,Product,Product Manager,98.04556366932364,56.81514906398883,6244.76511025324,LinkedIn,0.4464498190456797
2,Sales,Account Executive,37.08301311572913,52.58535730302365,4820.069384147495,Referral,0.8761346094671546
39,Product,Product Manager,244.7279441802976,89.0,2603.252424967579,LinkedIn,0.4762640407424693
9,Sales,Account Executive,179.6204489496699,28.505515748487053,2400.5436830467465,Referral,0.3845628955336848
61,Finance,Accountant,258.8411873171653,26.140374233049176,5394.709659392486,Job Portal,0.5911662978977172
64,Engineering,Data Engineer,265.607178061905,36.038543380789605,6909.21558731773,Job Portal,0.6486776785358417
56,Marketing,Social Media Manager,205.34190504684955,38.91900489894218,7804.615142681548,Job Portal,0.6561962777223593
78,HR,Talent Acquisition,10.0,38.20404238690803,6676.865127299853,Recruiter,0.4520524970205274
13,Sales,Sales Representative,99.35709110438944,57.47076417165964,3969.745418439603,Recruiter,1.0
4,Sales,Sales Representative,182.61148906802825,72.64782247764366,9604.786944930836,Referral,0.5037030052234843
21,Sales,Account Executive,247.77474277972283,17.48433806220559,8854.612823901703,Job Portal,0.7056972454858791
65,HR,Talent Acquisition,89.2583291830159,74.81585567723558,4655.616333534935,Referral,0.7430970821375329
96,Engineering,Software Engineer,261.363294693722,25.16822952821323,1354.0621225368218,Recruiter,0.7676953747478995
8,Engineering,Data Engineer,263.7007680729394,70.45643896682189,7476.240071152736,Job Portal,0.4239468079405579
40,HR,HR Coordinator,160.05839915776238,34.11105584919217,5379.728334174857,Referral,0.7485919284764201
60,Marketing,Content Strategist,276.6058454668453,16.491402146146314,5908.316641024189,Referral,0.7056870821778026
16,Sales,Sales Representative,230.98245729329628,44.678552451248265,6569.848146636249,Recruiter,0.3870733596889698
13,Engineering,Software Engineer,60.98988778314157,47.69475250366939,6418.194968433505,LinkedIn,0.8308616795122168
58,Engineering,DevOps Engineer,169.33834407486037,29.62593968687649,5614.616124273727,Job Portal,0.8192636115194583
6,HR,Talent Acquisition,241.32508162316017,38.148755461248086,1706.8357032628603,Job Portal,0.705236093702374
38,Sales,Sales Associate,105.9910737948525,89.0,6047.5876354347965,LinkedIn,0.7414656693846806
35,HR,HR Manager,234.063412666925,50.036706328505055,3986.3864688257377,Recruiter,0.6806427447439045
97,Product,UX Designer,169.6775306946071,57.4267561259974,6560.690073306817,LinkedIn,0.436447658502332
25,HR,Recruitment Specialist,213.8389420582429,34.4054518771475,9998.91,Recruiter,0.3495319986868927
86,Finance,Financial Analyst,146.72807923264554,65.41381953365496,6521.653850394328,Job Portal,0.6114433684957835
87,HR,HR Coordinator,221.80622304515893,36.66906949221722,9624.801295192672,Recruiter,0.6250038701812299
19,Engineering,Software Engineer,142.87033404297935,25.43132466015458,507.16,Referral,0.7504165641260041
50,Engineering,Backend Developer,62.678299104475016,32.97105898330322,6187.531672128633,Referral,0.4811106274327144
11,Finance,Payroll Specialist,10.0,36.60030217442764,7910.33601166707,Referral,0.5492126747314855
26,Engineering,Backend Developer,299.0,16.511045342524802,8484.617072019199,Job Portal,0.8685010445711927
87,Engineering,Backend Developer,162.92279708700624,39.70937002340173,2852.57303563316,LinkedIn,0.4464374955911055
59,Product,Product Manager,150.01048971426275,65.9904652032927,2923.4806774538347,Recruiter,0.8160359360940619
19,Engineering,Backend Developer,237.32111968222583,48.9348641009453,5476.474344286167,Recruiter,0.4054038682468437
50,Finance,Accountant,166.23767987857016,42.30376801675102,5010.550752373004,Recruiter,0.9218190749720072
91,Product,UX Designer,32.70471282576841,89.0,4268.035628709707,Recruiter,0.6565181006597837
86,Engineering,Backend Developer,31.154374831276517,7.0,1831.1079664302636,Recruiter,0.6320268860896978
74,Finance,Finance Manager,94.96489926477751,21.739716028902198,4673.919904340986,Job Portal,0.548429471551134
14,Finance,Payroll Specialist,279.56997245150967,18.66478876897016,8048.507179735197,Referral,0.5892351487184746
38,Product,Product Manager,10.0,81.26979464754015,1648.2642243244773,LinkedIn,0.4073109305795913
98,Engineering,Data Engineer,220.05981506828948,88.47212470250801,6586.362378397376,Referral,0.6054242049262999
80,Finance,Payroll Specialist,113.56349833462932,16.55096119496798,5104.28425938027,Recruiter,0.7585256171726645
59,HR,HR Coordinator,139.4659030749921,34.55607145438595,9998.91,Job Portal,0.8172592033951108
65,Sales,Sales Representative,165.11052294026854,81.14872958752721,6141.2612128172095,Job Portal,0.4785465948410036
77,Sales,Business Development Manager,157.2310186204566,27.403636052885854,7836.424840988177,LinkedIn,0.8946073167440882
22,Engineering,Backend Developer,95.56666636124638,42.123314360520304,3896.474558733265,LinkedIn,0.8221701069183657
84,HR,Recruitment Specialist,163.45949145718592,40.61257440220349,9998.91,Job Portal,0.7575213123493648
69,Engineering,Data Engineer,170.20923676703433,65.91636563597618,1928.5499728075465,Referral,0.3
47,Engineering,Backend Developer,165.3833326900707,62.24604616987265,8522.946504246787,Referral,0.8241539307622355
12,Finance,Accountant,231.00339770417375,20.08095720135033,2729.2306288803675,Referral,0.4580630484458992
30,Sales,Business Development Manager,218.5019231679708,42.89633181446657,6037.320946245016,LinkedIn,0.6853206060097694
54,Finance,Payroll Specialist,88.90528547046692,28.94752323278813,7664.919728099454,LinkedIn,0.3685096837487065
18,HR,Recruitment Specialist,123.7633737464837,47.48350860737549,8174.933650035192,Job Portal,0.6820561146042536
74,HR,HR Coordinator,187.81660064439345,69.47606772685131,507.16,LinkedIn,0.5105611871493763
86,Marketing,Marketing Specialist,224.20358074811085,56.85976278390287,7497.143443184371,Recruiter,0.437878718129808
79,HR,HR Manager,285.03017604468164,37.92384902574396,5346.367281727397,LinkedIn,1.0
55,Marketing,Content Strategist,42.324447649701085,12.164050134764118,5717.319360130393,LinkedIn,0.4660461321441469
23,Sales,Account Executive,15.888693597925538,57.73036891980637,5998.737391523813,Recruiter,0.4573238301488799
15,HR,HR Coordinator,22.73959538667208,23.817827253640367,5704.476927256615,Recruiter,0.7146049701302715
18,Finance,Payroll Specialist,211.3550278365917,37.002163673189074,3349.0375040360395,LinkedIn,0.7747026702956243
35,Sales,Business Development Manager,120.45128080117549,35.648048141330776,9110.04471335213,Job Portal,0.5728585902327986
22,Finance,Financial Analyst,49.98033651886063,66.02507959742508,5340.0592655431055,Job Portal,0.7510036803878319
60,Marketing,Marketing Specialist,78.98557535018651,66.33730792410401,2484.70755016138,Recruiter,0.3521080102839582
48,Marketing,SEO Analyst,41.24200675185368,61.57446159634207,7888.27012955307,Job Portal,0.8753417691185739
100,HR,HR Coordinator,181.66009135845485,45.03343345354631,4183.650175675057,Referral,0.3
57,HR,HR Coordinator,201.1899863942485,29.501614846079704,507.16,Job Portal,0.4546468480650453
45,Sales,Account Executive,182.36104896705467,51.667681294981264,4613.480445062932,LinkedIn,0.6933735130195944
72,Engineering,DevOps Engineer,133.59907848011366,53.38832054408903,6566.643454583338,Recruiter,0.9014232377702844
82,Finance,Payroll Specialist,156.96253358075575,36.277352438278704,7256.521428132561,Job Portal,0.9030124289255834
71,Finance,Financial Analyst,278.66836398869384,56.705021524434486,8993.18641367055,Referral,0.329479728866403
57,Finance,Payroll Specialist,176.20783670885564,24.77657548376874,6412.940297211633,LinkedIn,0.4051678948804739
52,HR,HR Manager,162.44871066662,38.581111919246695,3369.3039989547296,Referral,0.5064623950761914
30,Sales,Sales Representative,193.89369995877496,7.0,9693.984296311151,Referral,0.4127484058004855
40,Engineering,Software Engineer,79.55746313920346,44.75070964535188,8631.657633926716,LinkedIn,0.5100301248993752
2,Engineering,Backend Developer,245.50268910285985,13.835848103453742,3282.054334074034,Recruiter,0.5133006716963249
77,Sales,Account Executive,173.96330832477133,49.28149549448295,4386.927813343968,Referral,0.5446321782321566
91,Marketing,Marketing Specialist,151.08996585456975,78.49029028544248,1756.6525327026316,Job Portal,0.6609328603794721
7,HR,HR Manager,200.71627197412255,7.0,3021.978131042618,Job Portal,0.5093285309169343
89,Sales,Sales Associate,75.65199492551284,89.0,994.9854142183258,Job Portal,0.3
40,HR,HR Manager,202.3373839339744,39.420098678142764,4302.590036167287,Referral,0.4958769367275901
49,HR,HR Manager,95.2728896966089,62.08669306620546,6391.78547497259,Job Portal,0.920933188183271
56,Sales,Sales Associate,155.51973101089368,31.40597905491267,2096.4560506570083,Job Portal,0.4950963792782403
76,Product,Product Analyst,103.74162076895416,82.67397249308644,9998.91,Recruiter,0.922183564672544
69,Sales,Account Executive,219.47470194930497,9.981545903572496,6022.464718512694,LinkedIn,0.7269947809613319
49,Product,UX Designer,197.8548470213144,58.90309185863477,7483.942192227744,Job Portal,0.8894289380125657
33,HR,HR Manager,265.386161982875,73.2622685976823,6396.06096130284,Recruiter,0.7008767331205937
48,Engineering,DevOps Engineer,184.9439673922445,78.81671145382894,2480.762305309706,Referral,0.4588353465774548
4,HR,HR Coordinator,180.43516332338172,64.947643196035,507.16,Recruiter,0.3721654718494505
5,Engineering,DevOps Engineer,223.2422106629942,46.44129715095515,9998.91,Recruiter,0.9710069905415826
60,Sales,Account Executive,10.0,80.49321306437477,6801.742958287008,LinkedIn,0.4127644294865131
42,HR,Talent Acquisition,202.29811271714905,86.4700502330046,9998.91,Job Portal,0.3864226518692274
40,Product,Product Analyst,117.8925359848158,28.50443432639108,3827.891522352517,Recruiter,0.6956017708032629
24,Finance,Payroll Specialist,54.056634140056445,82.8987568920217,3714.001937892662,Job Portal,0.4945527055844311
27,Marketing,Social Media Manager,173.48447323201196,82.22763271448923,3865.205321313813,Referral,1.0
12,Finance,Financial Analyst,90.3966020144881,61.81618845201379,5422.511063334037,Job Portal,0.6818908043240595
48,HR,HR Coordinator,31.60141987157296,7.0,2940.229428416318,LinkedIn,0.3028745278796333
13,Finance,Financial Analyst,220.0918102183697,44.20402309596184,5939.150089780978,LinkedIn,0.9963028730753798
29,Product,Product Analyst,265.27770304226306,14.065179991595931,6248.65875165236,LinkedIn,0.3592551319632345
9,HR,Recruitment Specialist,124.05022715013934,8.445397326192591,7088.092291850805,LinkedIn,0.7130160622091131
27,Sales,Sales Representative,108.52666980219632,42.855927364901646,8608.83222511363,LinkedIn,0.8241504043635746
57,Marketing,SEO Analyst,185.34180513424465,9.61946865383358,6858.543992464307,Referral,0.8288447461484107
96,HR,Recruitment Specialist,15.122631729598568,61.40372455046138,9179.241382279972,Job Portal,0.8420964314067769
97,Finance,Accountant,223.1204909063757,34.84219854590449,7596.102731279392,Job Portal,0.6467503426213308
37,Marketing,SEO Analyst,157.07842813416335,20.827086151399712,1667.7591564366105,Referral,0.7392926352846296
22,Engineering,Software Engineer,69.55911026000636,40.488858569498525,5953.861823799903,Job Portal,0.7727140185936798
91,Finance,Financial Analyst,170.70648635858504,89.0,4727.117349803873,LinkedIn,0.3
80,Marketing,Marketing Specialist,188.4439060127181,33.740213942856414,2206.0549930237157,Job Portal,0.8857234440899675
91,HR,HR Manager,120.42421535232675,64.20035549865108,4910.47720853846,Recruiter,0.8744224966707248
88,Product,Product Manager,119.52696842946604,68.19991289158277,4386.9009959329815,Job Portal,0.7340909590610465
53,Finance,Finance Manager,203.3623846775447,46.82363273643098,1047.0034144844358,Referral,0.4788865802636746
68,Finance,Financial Analyst,198.46833396555883,39.85192011328229,6639.004295689012,Referral,0.5489455004743989
4,Finance,Payroll Specialist,218.216049142929,60.59150701246355,3234.880600490622,Referral,0.5310305791464989
67,Sales,Sales Associate,249.48387542420488,49.85651233819222,7345.345370657593,Referral,0.4329264526025963
14,HR,HR Coordinator,20.42330608565274,42.97498596706091,9998.91,LinkedIn,0.5320863551261282
18,Product,Product Analyst,223.6739562601521,36.58906993762415,8725.417789838746,Job Portal,0.8795634510658069
22,Engineering,DevOps Engineer,63.56559711293761,89.0,7453.061410310291,Referral,0.7826531738648765
8,Product,Product Manager,121.16664761715532,41.40036968579177,1822.8502033270177,Recruiter,0.6128545967631768
47,Marketing,Content Strategist,10.0,74.43603633326757,4323.378599699751,Referral,0.3
64,Marketing,Social Media Manager,203.5608635435576,19.862833713133877,3272.734315644076,Recruiter,1.0
15,HR,HR Coordinator,232.45901289647517,57.45306064074232,8075.072122538708,LinkedIn,0.8079872141205799
50,HR,Recruitment Specialist,142.14432809825075,62.45513451552193,4826.600264956063,Recruiter,0.3564599579176405
4,HR,HR Manager,141.98421986311698,33.96110647151317,6151.193112822854,LinkedIn,0.5846670849043565
14,Finance,Finance Manager,218.80520142500825,28.62227771247231,3683.7728273530847,Referral,0.6377823043884487
75,Marketing,SEO Analyst,50.91758716704366,28.15618613477813,5077.894878255452,Recruiter,0.7975076133725102
10,Product,UI Designer,148.8624706820144,70.47565960400158,2506.2133194614366,LinkedIn,0.3589194214533752
27,HR,HR Manager,117.8011067454226,42.32052382115586,2456.150721905951,LinkedIn,0.4880492230203331
63,Engineering,Software Engineer,144.98451374484804,28.093005795474674,3401.645615327587,Recruiter,0.6337217723031664
28,HR,Talent Acquisition,94.65423416277945,45.405381441401936,9998.91,Referral,1.0
60,Engineering,Software Engineer,61.95582499574442,28.430131156906103,3986.334255359352,Recruiter,0.5841155712060344
73,HR,Recruitment Specialist,78.29561732793407,26.80674669849597,7567.263646347807,Referral,0.3
48,Engineering,Software Engineer,127.62977385944458,89.0,2419.9712533740126,Job Portal,0.7479171116510106
10,Sales,Sales Representative,146.08422994649368,16.893895475571625,9998.91,LinkedIn,0.924166562319182
76,Product,UI Designer,146.06666418387024,59.26712082893859,9998.91,Referral,0.8313956709529253
49,Engineering,Data Engineer,154.7892128365958,65.99727919016394,2856.014383031534,LinkedIn,0.7470645758335082
33,Product,UI Designer,186.75998409368077,33.4446144328934,6493.591611030212,Recruiter,0.9251925110488826
61,Product,UX Designer,110.09713671898405,34.3883781055767,3836.4318130397055,Recruiter,0.6652160752856
19,Product,UX Designer,31.0365318242218,24.463701770965628,1631.0369514311433,LinkedIn,0.7494052186746545
30,Product,Product Analyst,146.17601118688086,38.67317693412964,9998.91,Recruiter,1.0
66,Product,UX Designer,299.0,35.02321141909128,1500.644177095934,Recruiter,0.4880995335581198
1,HR,Talent Acquisition,160.6322478842906,46.287169584655175,1590.7510693312938,Job Portal,0.533620862192524
51,Finance,Accountant,47.44772735033834,43.05977503348807,3546.992042017672,Referral,0.4977279336141272
24,Sales,Business Development Manager,134.79253576781886,32.04404055800857,2771.811114115936,Job Portal,0.7571976966122672
32,HR,Talent Acquisition,49.27385824386944,89.0,4094.161847454492,Job Portal,0.4718542428617998
38,Sales,Account Executive,143.83275074213236,66.7655939606415,6019.876374105879,Referral,0.3
36,Sales,Sales Representative,299.0,58.51725580751933,6819.068875318298,Recruiter,0.6231073474431102
34,Finance,Payroll Specialist,246.61989426090705,74.42445333792327,5347.479188461471,Referral,0.9446988351658714
4,HR,Talent Acquisition,110.94285522673265,7.0,7134.672379159766,Job Portal,0.8483409216712674
90,Product,UI Designer,179.59954656366733,16.88738532427913,5716.734206896792,Job Portal,0.528802602742388
31,Finance,Financial Analyst,186.3895645244928,58.78234785983746,6210.731033294135,LinkedIn,0.4462373001694469
90,Marketing,Content Strategist,183.4234402772608,53.66433951557102,3735.7333008584183,Job Portal,0.8959861310296969
87,Finance,Finance Manager,142.26093193601997,48.21298168527973,6533.957153048125,Job Portal,0.7125361497914217
46,Sales,Sales Representative,113.49158280463422,50.98285942481774,2227.65169558884,LinkedIn,0.8172221161631232
39,Product,UI Designer,71.77837878921548,7.0,8073.098231264457,Referral,0.6337917449495244
7,Product,UX Designer,299.0,35.24418069657412,2855.2030869372124,Referral,0.6525138889492578
19,Finance,Financial Analyst,102.54191358402242,38.74385571030839,3426.898261408844,Recruiter,0.7028366514326765
37,HR,Recruitment Specialist,157.19929200865548,23.2189173163487,3746.4165240118136,Job Portal,0.966055102570564
7,Sales,Sales Representative,115.52123384338732,7.0,9998.91,LinkedIn,0.6092926141075862
88,Product,UX Designer,175.60234047088423,32.117480807695,5508.676141752536,Job Portal,0.4150926094724413
5,Engineering,Software Engineer,82.4965453266112,50.026189827888615,1053.253136381598,Referral,0.8550044234934298
26,Marketing,Social Media Manager,58.62660306757162,77.4265349870232,7240.243212908624,LinkedIn,0.5707778075366992
66,Finance,Finance Manager,153.80741330683796,77.84284003023048,2674.538519716096,Referral,0.6652552218309637
91,Marketing,SEO Analyst,82.01019465848502,54.19350990101439,6952.057159185482,LinkedIn,0.5386413894081622
59,Engineering,Software Engineer,10.0,48.79941215060876,3458.573538490616,Job Portal,0.5827386738916751
50,Marketing,Content Strategist,156.0092451300645,43.72237344931556,4745.742896783951,Job Portal,0.7166426779645333
75,Engineering,Backend Developer,67.033766262629,38.81538192837148,4553.958517202214,Referral,0.4735980658442611
73,Sales,Business Development Manager,169.47182728278088,8.395770065937903,6884.871220974995,Job Portal,0.7793150878068479
8,Finance,Accountant,180.3978473383608,57.8525326273722,3147.4615953402117,Recruiter,0.3847937085244514
69,Finance,Payroll Specialist,228.4723718387351,69.52875720140435,7822.7727646973935,Referral,0.6277130348180053
41,Engineering,Software Engineer,133.03997295070403,20.8624502363804,4625.351284764577,Job Portal,0.7988807247256241
15,Finance,Accountant,183.59653912629776,68.1627263923869,3703.7498027638458,Referral,0.7582832096278347
71,Marketing,SEO Analyst,299.0,33.109031122569064,6531.1761421000265,Referral,0.6998260354470593
93,Sales,Sales Representative,55.34979631137844,81.90086517215137,5271.59497839684,LinkedIn,1.0
67,Finance,Finance Manager,164.60614826613866,60.79107430884656,5448.383078332897,Job Portal,0.4896388569027829
34,HR,Recruitment Specialist,116.0520526190432,89.0,1399.6370752469547,Referral,0.5112991817340016
32,Product,Product Analyst,226.74197418201845,7.0,4570.391938219887,Job Portal,0.5837615510979788
94,Engineering,Software Engineer,113.54080371307012,37.47239421839619,3367.343101419772,Job Portal,0.6507104655795563
12,Product,UI Designer,169.7848940628936,28.09325634517882,4916.353095719323,Referral,0.4540985187978058
68,Finance,Financial Analyst,83.92312176403696,59.137729157410746,7754.988607613799,Recruiter,0.9230766244619832
82,Product,UI Designer,134.95973255162713,44.54646072414556,9134.393676934698,Recruiter,0.8391774716205223
60,Engineering,Data Engineer,256.13078206199816,40.065938528387406,946.31459724269,LinkedIn,0.5175688828847815
38,Marketing,Content Strategist,290.8106411137609,60.41053614533701,7767.777116983063,Referral,0.6186252341173603
35,Sales,Sales Representative,238.57499739799945,89.0,2556.6135464102067,Referral,0.8332968145887671
34,Finance,Finance Manager,127.6952656853452,37.79852698984899,5346.856348628165,Recruiter,0.3649384102051709
90,Sales,Business Development Manager,258.5022299128249,47.0400401082248,6349.854946377312,Job Portal,0.5918877668766547
82,Engineering,Backend Developer,108.34378369100132,41.639327782675714,5094.908886976324,LinkedIn,0.772150536909532
2,Product,Product Analyst,138.73004824337085,15.436195943404488,9998.91,Job Portal,0.3
91,Finance,Accountant,115.64008269112088,89.0,9373.135416678744,Job Portal,0.6125336109342505
92,Engineering,Software Engineer,299.0,59.53523708404119,1423.794042369771,LinkedIn,0.8658299244109993
7,HR,HR Coordinator,104.2053584685604,46.53633329857679,6590.054920172026,Recruiter,0.8689452838256556
